Workbook

Sheet 📊 Dashboard
B2: ESHCOL TECHNICAL SERVICES — ACCOUNTS DASHBOARD
B3: TRN: 105437736900003 | info@eshcol.ae | +971 52 661 9941 | www.eshcol.ae | Ruya Community Islamic Bank | IBAN: AE451323001421070000001
B5: TOTAL INVOICED | C5: TOTAL PAID | D5: TOTAL UNPAID | E5: TOTAL PENDING | F5: NO. OF INVOICES
B6: =SUM(D12:D23) -> 5400000 | C6: =SUM(E12:E23) -> 0 | D6: =SUM(F12:F23) -> 0 | E6: =SUM(G12:G23) -> 0 | F6: =SUM(C12:C23) -> -11808
B9: ℹ KPI values above update automatically from the monthly sheets. Use the monthly sheets (e.g. Jan-2026) to enter or import invoice records.
B11: Month | C11: Invoices | D11: Total Invoiced (AED) | E11: Paid (AED) | F11: Unpaid (AED) | G11: Pending Balance (AED)
B12: Jan-2026 | C12: =IFERROR(COUNTA('Jan-2026'!B5:B1000)-COUNTIF('Jan-2026'!B5:B1000,""),0) -> -984 | D12: =IFERROR(SUMIF('Jan-2026'!B5:B1000,"<>",'Jan-2026'!H5:H1000),0) -> 450000 | E12: =IFERROR(SUMIF('Jan-2026'!N5:N1000,"PAID",'Jan-2026'!H5:H1000),0) -> 0 | F12: =IFERROR(SUMIF('Jan-2026'!N5:N1000,"UNPAID",'Jan-2026'!H5:H1000),0) -> 0 | G12: =IFERROR(SUMIF('Jan-2026'!N5:N1000,"PENDING",'Jan-2026'!H5:H1000),0) -> 0
B13: Feb-2026 | C13: =IFERROR(COUNTA('Feb-2026'!B5:B1000)-COUNTIF('Feb-2026'!B5:B1000,""),0) -> -984 | D13: =IFERROR(SUMIF('Feb-2026'!B5:B1000,"<>",'Feb-2026'!H5:H1000),0) -> 450000 | E13: =IFERROR(SUMIF('Feb-2026'!N5:N1000,"PAID",'Feb-2026'!H5:H1000),0) -> 0 | F13: =IFERROR(SUMIF('Feb-2026'!N5:N1000,"UNPAID",'Feb-2026'!H5:H1000),0) -> 0 | G13: =IFERROR(SUMIF('Feb-2026'!N5:N1000,"PENDING",'Feb-2026'!H5:H1000),0) -> 0
B14: Mar-2026 | C14: =IFERROR(COUNTA('Mar-2026'!B5:B1000)-COUNTIF('Mar-2026'!B5:B1000,""),0) -> -984 | D14: =IFERROR(SUMIF('Mar-2026'!B5:B1000,"<>",'Mar-2026'!H5:H1000),0) -> 450000 | E14: =IFERROR(SUMIF('Mar-2026'!N5:N1000,"PAID",'Mar-2026'!H5:H1000),0) -> 0 | F14: =IFERROR(SUMIF('Mar-2026'!N5:N1000,"UNPAID",'Mar-2026'!H5:H1000),0) -> 0 | G14: =IFERROR(SUMIF('Mar-2026'!N5:N1000,"PENDING",'Mar-2026'!H5:H1000),0) -> 0
B15: Apr-2026 | C15: =IFERROR(COUNTA('Apr-2026'!B5:B1000)-COUNTIF('Apr-2026'!B5:B1000,""),0) -> -984 | D15: =IFERROR(SUMIF('Apr-2026'!B5:B1000,"<>",'Apr-2026'!H5:H1000),0) -> 450000 | E15: =IFERROR(SUMIF('Apr-2026'!N5:N1000,"PAID",'Apr-2026'!H5:H1000),0) -> 0 | F15: =IFERROR(SUMIF('Apr-2026'!N5:N1000,"UNPAID",'Apr-2026'!H5:H1000),0) -> 0 | G15: =IFERROR(SUMIF('Apr-2026'!N5:N1000,"PENDING",'Apr-2026'!H5:H1000),0) -> 0
B16: May-2026 | C16: =IFERROR(COUNTA('May-2026'!B5:B1000)-COUNTIF('May-2026'!B5:B1000,""),0) -> -984 | D16: =IFERROR(SUMIF('May-2026'!B5:B1000,"<>",'May-2026'!H5:H1000),0) -> 450000 | E16: =IFERROR(SUMIF('May-2026'!N5:N1000,"PAID",'May-2026'!H5:H1000),0) -> 0 | F16: =IFERROR(SUMIF('May-2026'!N5:N1000,"UNPAID",'May-2026'!H5:H1000),0) -> 0 | G16: =IFERROR(SUMIF('May-2026'!N5:N1000,"PENDING",'May-2026'!H5:H1000),0) -> 0
B17: Jun-2026 | C17: =IFERROR(COUNTA('Jun-2026'!B5:B1000)-COUNTIF('Jun-2026'!B5:B1000,""),0) -> -984 | D17: =IFERROR(SUMIF('Jun-2026'!B5:B1000,"<>",'Jun-2026'!H5:H1000),0) -> 450000 | E17: =IFERROR(SUMIF('Jun-2026'!N5:N1000,"PAID",'Jun-2026'!H5:H1000),0) -> 0 | F17: =IFERROR(SUMIF('Jun-2026'!N5:N1000,"UNPAID",'Jun-2026'!H5:H1000),0) -> 0 | G17: =IFERROR(SUMIF('Jun-2026'!N5:N1000,"PENDING",'Jun-2026'!H5:H1000),0) -> 0
B18: Jul-2026 | C18: =IFERROR(COUNTA('Jul-2026'!B5:B1000)-COUNTIF('Jul-2026'!B5:B1000,""),0) -> -984 | D18: =IFERROR(SUMIF('Jul-2026'!B5:B1000,"<>",'Jul-2026'!H5:H1000),0) -> 450000 | E18: =IFERROR(SUMIF('Jul-2026'!N5:N1000,"PAID",'Jul-2026'!H5:H1000),0) -> 0 | F18: =IFERROR(SUMIF('Jul-2026'!N5:N1000,"UNPAID",'Jul-2026'!H5:H1000),0) -> 0 | G18: =IFERROR(SUMIF('Jul-2026'!N5:N1000,"PENDING",'Jul-2026'!H5:H1000),0) -> 0
B19: Aug-2026 | C19: =IFERROR(COUNTA('Aug-2026'!B5:B1000)-COUNTIF('Aug-2026'!B5:B1000,""),0) -> -984 | D19: =IFERROR(SUMIF('Aug-2026'!B5:B1000,"<>",'Aug-2026'!H5:H1000),0) -> 450000 | E19: =IFERROR(SUMIF('Aug-2026'!N5:N1000,"PAID",'Aug-2026'!H5:H1000),0) -> 0 | F19: =IFERROR(SUMIF('Aug-2026'!N5:N1000,"UNPAID",'Aug-2026'!H5:H1000),0) -> 0 | G19: =IFERROR(SUMIF('Aug-2026'!N5:N1000,"PENDING",'Aug-2026'!H5:H1000),0) -> 0
B20: Sep-2026 | C20: =IFERROR(COUNTA('Sep-2026'!B5:B1000)-COUNTIF('Sep-2026'!B5:B1000,""),0) -> -984 | D20: =IFERROR(SUMIF('Sep-2026'!B5:B1000,"<>",'Sep-2026'!H5:H1000),0) -> 450000 | E20: =IFERROR(SUMIF('Sep-2026'!N5:N1000,"PAID",'Sep-2026'!H5:H1000),0) -> 0 | F20: =IFERROR(SUMIF('Sep-2026'!N5:N1000,"UNPAID",'Sep-2026'!H5:H1000),0) -> 0 | G20: =IFERROR(SUMIF('Sep-2026'!N5:N1000,"PENDING",'Sep-2026'!H5:H1000),0) -> 0
B21: Oct-2026 | C21: =IFERROR(COUNTA('Oct-2026'!B5:B1000)-COUNTIF('Oct-2026'!B5:B1000,""),0) -> -984 | D21: =IFERROR(SUMIF('Oct-2026'!B5:B1000,"<>",'Oct-2026'!H5:H1000),0) -> 450000 | E21: =IFERROR(SUMIF('Oct-2026'!N5:N1000,"PAID",'Oct-2026'!H5:H1000),0) -> 0 | F21: =IFERROR(SUMIF('Oct-2026'!N5:N1000,"UNPAID",'Oct-2026'!H5:H1000),0) -> 0 | G21: =IFERROR(SUMIF('Oct-2026'!N5:N1000,"PENDING",'Oct-2026'!H5:H1000),0) -> 0
B22: Nov-2026 | C22: =IFERROR(COUNTA('Nov-2026'!B5:B1000)-COUNTIF('Nov-2026'!B5:B1000,""),0) -> -984 | D22: =IFERROR(SUMIF('Nov-2026'!B5:B1000,"<>",'Nov-2026'!H5:H1000),0) -> 450000 | E22: =IFERROR(SUMIF('Nov-2026'!N5:N1000,"PAID",'Nov-2026'!H5:H1000),0) -> 0 | F22: =IFERROR(SUMIF('Nov-2026'!N5:N1000,"UNPAID",'Nov-2026'!H5:H1000),0) -> 0 | G22: =IFERROR(SUMIF('Nov-2026'!N5:N1000,"PENDING",'Nov-2026'!H5:H1000),0) -> 0
B23: Dec-2026 | C23: =IFERROR(COUNTA('Dec-2026'!B5:B1000)-COUNTIF('Dec-2026'!B5:B1000,""),0) -> -984 | D23: =IFERROR(SUMIF('Dec-2026'!B5:B1000,"<>",'Dec-2026'!H5:H1000),0) -> 450000 | E23: =IFERROR(SUMIF('Dec-2026'!N5:N1000,"PAID",'Dec-2026'!H5:H1000),0) -> 0 | F23: =IFERROR(SUMIF('Dec-2026'!N5:N1000,"UNPAID",'Dec-2026'!H5:H1000),0) -> 0 | G23: =IFERROR(SUMIF('Dec-2026'!N5:N1000,"PENDING",'Dec-2026'!H5:H1000),0) -> 0

Sheet Jan-2026
B2: ESHCOL TECHNICAL SERVICES — INVOICE LEDGER | JAN 2026
B3: TRN: 105437736900003 | info@eshcol.ae | www.eshcoltechnical.com | +971 52 661 9941
B4: Invoice # | C4: Date | D4: Client Name | E4: Description | F4: Invoice Type | G4: % of Contract | H4: Contract Value | I4: Invoice Amount | J4: Down Pymt Recd | K4: IPC Amount | L4: Amount Paid | M4: Balance Due | N4: Due Date | O4: Status
B5: ETS-2026-119 | C5: 2026-09-01 | D5: ABC Contracting LLC | E5: MEP Installation – Phase 1 | F5: Standard | G5: 1 | H5: 25000 | I5: 25000 | J5: 0 | K5: 0 | L5: 25000 | M5: =I5-L5 -> 0 | N5: 2026-09-30 | O5: PAID
B6: ETS-2026-120 | C6: 2026-09-05 | D6: Dubai Properties Group | E6: HVAC Maintenance Contract | F6: Down Payment | G6: 0.3 | H6: 80000 | I6: 24000 | J6: 24000 | K6: 0 | L6: 0 | M6: =I6-L6 -> 24000 | N6: 2026-10-05 | O6: UNPAID
B7: ETS-2026-121 | C7: 2026-09-10 | D7: Gulf Star Engineering | E7: Electrical Fit-out – Block C | F7: IPC | G7: 0.4 | H7: 120000 | I7: 48000 | J7: 0 | K7: 48000 | L7: 20000 | M7: =I7-L7 -> 28000 | N7: 2026-10-10 | O7: PENDING
B8: MONTHLY TOTALS | H8: =SUM(H5:H7) -> 225000 | I8: =SUM(I5:I7) -> 97000 | J8: =SUM(J5:J7) -> 24000 | K8: =SUM(K5:K7) -> 48000 | L8: =SUM(L5:L7) -> 45000 | M8: =SUM(M5:M7) -> 52000
B9: =COUNTIF(O5:O7,"PAID")&" PAID | "&COUNTIF(O5:O7,"UNPAID")&" UNPAID | "&COUNTIF(O5:O7,"PENDING")&" PENDING" -> 1 PAID | 1 UNPAID | 1 PENDING
B11: LEGEND: Standard Invoice = full amount | Down Payment = % of contract upfront | IPC = Interim Payment Certificate (milestone-based %) | Balance Due = Invoice Amount − Amount Paid

Sheet Feb-2026
B2: ESHCOL TECHNICAL SERVICES — INVOICE LEDGER | FEB 2026
B3: TRN: 105437736900003 | info@eshcol.ae | www.eshcoltechnical.com | +971 52 661 9941
B4: Invoice # | C4: Date | D4: Client Name | E4: Description | F4: Invoice Type | G4: % of Contract | H4: Contract Value | I4: Invoice Amount | J4: Down Pymt Recd | K4: IPC Amount | L4: Amount Paid | M4: Balance Due | N4: Due Date | O4: Status
B5: ETS-2026-119 | C5: 2026-09-01 | D5: ABC Contracting LLC | E5: MEP Installation – Phase 1 | F5: Standard | G5: 1 | H5: 25000 | I5: 25000 | J5: 0 | K5: 0 | L5: 25000 | M5: =I5-L5 -> 0 | N5: 2026-09-30 | O5: PAID
B6: ETS-2026-120 | C6: 2026-09-05 | D6: Dubai Properties Group | E6: HVAC Maintenance Contract | F6: Down Payment | G6: 0.3 | H6: 80000 | I6: 24000 | J6: 24000 | K6: 0 | L6: 0 | M6: =I6-L6 -> 24000 | N6: 2026-10-05 | O6: UNPAID
B7: ETS-2026-121 | C7: 2026-09-10 | D7: Gulf Star Engineering | E7: Electrical Fit-out – Block C | F7: IPC | G7: 0.4 | H7: 120000 | I7: 48000 | J7: 0 | K7: 48000 | L7: 20000 | M7: =I7-L7 -> 28000 | N7: 2026-10-10 | O7: PENDING
B8: MONTHLY TOTALS | H8: =SUM(H5:H7) -> 225000 | I8: =SUM(I5:I7) -> 97000 | J8: =SUM(J5:J7) -> 24000 | K8: =SUM(K5:K7) -> 48000 | L8: =SUM(L5:L7) -> 45000 | M8: =SUM(M5:M7) -> 52000
B9: =COUNTIF(O5:O7,"PAID")&" PAID | "&COUNTIF(O5:O7,"UNPAID")&" UNPAID | "&COUNTIF(O5:O7,"PENDING")&" PENDING" -> 1 PAID | 1 UNPAID | 1 PENDING
B11: LEGEND: Standard Invoice = full amount | Down Payment = % of contract upfront | IPC = Interim Payment Certificate (milestone-based %) | Balance Due = Invoice Amount − Amount Paid

Sheet Mar-2026
B2: ESHCOL TECHNICAL SERVICES — INVOICE LEDGER | MAR 2026
B3: TRN: 105437736900003 | info@eshcol.ae | www.eshcoltechnical.com | +971 52 661 9941
B4: Invoice # | C4: Date | D4: Client Name | E4: Description | F4: Invoice Type | G4: % of Contract | H4: Contract Value | I4: Invoice Amount | J4: Down Pymt Recd | K4: IPC Amount | L4: Amount Paid | M4: Balance Due | N4: Due Date | O4: Status
B5: ETS-2026-119 | C5: 2026-09-01 | D5: ABC Contracting LLC | E5: MEP Installation – Phase 1 | F5: Standard | G5: 1 | H5: 25000 | I5: 25000 | J5: 0 | K5: 0 | L5: 25000 | M5: =I5-L5 -> 0 | N5: 2026-09-30 | O5: PAID
B6: ETS-2026-120 | C6: 2026-09-05 | D6: Dubai Properties Group | E6: HVAC Maintenance Contract | F6: Down Payment | G6: 0.3 | H6: 80000 | I6: 24000 | J6: 24000 | K6: 0 | L6: 0 | M6: =I6-L6 -> 24000 | N6: 2026-10-05 | O6: UNPAID
B7: ETS-2026-121 | C7: 2026-09-10 | D7: Gulf Star Engineering | E7: Electrical Fit-out – Block C | F7: IPC | G7: 0.4 | H7: 120000 | I7: 48000 | J7: 0 | K7: 48000 | L7: 20000 | M7: =I7-L7 -> 28000 | N7: 2026-10-10 | O7: PENDING
B8: MONTHLY TOTALS | H8: =SUM(H5:H7) -> 225000 | I8: =SUM(I5:I7) -> 97000 | J8: =SUM(J5:J7) -> 24000 | K8: =SUM(K5:K7) -> 48000 | L8: =SUM(L5:L7) -> 45000 | M8: =SUM(M5:M7) -> 52000
B9: =COUNTIF(O5:O7,"PAID")&" PAID | "&COUNTIF(O5:O7,"UNPAID")&" UNPAID | "&COUNTIF(O5:O7,"PENDING")&" PENDING" -> 1 PAID | 1 UNPAID | 1 PENDING
B11: LEGEND: Standard Invoice = full amount | Down Payment = % of contract upfront | IPC = Interim Payment Certificate (milestone-based %) | Balance Due = Invoice Amount − Amount Paid

Sheet Apr-2026
B2: ESHCOL TECHNICAL SERVICES — INVOICE LEDGER | APR 2026
B3: TRN: 105437736900003 | info@eshcol.ae | www.eshcoltechnical.com | +971 52 661 9941
B4: Invoice # | C4: Date | D4: Client Name | E4: Description | F4: Invoice Type | G4: % of Contract | H4: Contract Value | I4: Invoice Amount | J4: Down Pymt Recd | K4: IPC Amount | L4: Amount Paid | M4: Balance Due | N4: Due Date | O4: Status
B5: ETS-2026-119 | C5: 2026-09-01 | D5: ABC Contracting LLC | E5: MEP Installation – Phase 1 | F5: Standard | G5: 1 | H5: 25000 | I5: 25000 | J5: 0 | K5: 0 | L5: 25000 | M5: =I5-L5 -> 0 | N5: 2026-09-30 | O5: PAID
B6: ETS-2026-120 | C6: 2026-09-05 | D6: Dubai Properties Group | E6: HVAC Maintenance Contract | F6: Down Payment | G6: 0.3 | H6: 80000 | I6: 24000 | J6: 24000 | K6: 0 | L6: 0 | M6: =I6-L6 -> 24000 | N6: 2026-10-05 | O6: UNPAID
B7: ETS-2026-121 | C7: 2026-09-10 | D7: Gulf Star Engineering | E7: Electrical Fit-out – Block C | F7: IPC | G7: 0.4 | H7: 120000 | I7: 48000 | J7: 0 | K7: 48000 | L7: 20000 | M7: =I7-L7 -> 28000 | N7: 2026-10-10 | O7: PENDING
B8: MONTHLY TOTALS | H8: =SUM(H5:H7) -> 225000 | I8: =SUM(I5:I7) -> 97000 | J8: =SUM(J5:J7) -> 24000 | K8: =SUM(K5:K7) -> 48000 | L8: =SUM(L5:L7) -> 45000 | M8: =SUM(M5:M7) -> 52000
B9: =COUNTIF(O5:O7,"PAID")&" PAID | "&COUNTIF(O5:O7,"UNPAID")&" UNPAID | "&COUNTIF(O5:O7,"PENDING")&" PENDING" -> 1 PAID | 1 UNPAID | 1 PENDING
B11: LEGEND: Standard Invoice = full amount | Down Payment = % of contract upfront | IPC = Interim Payment Certificate (milestone-based %) | Balance Due = Invoice Amount − Amount Paid

Sheet May-2026
B2: ESHCOL TECHNICAL SERVICES — INVOICE LEDGER | MAY 2026
B3: TRN: 105437736900003 | info@eshcol.ae | www.eshcoltechnical.com | +971 52 661 9941
B4: Invoice # | C4: Date | D4: Client Name | E4: Description | F4: Invoice Type | G4: % of Contract | H4: Contract Value | I4: Invoice Amount | J4: Down Pymt Recd | K4: IPC Amount | L4: Amount Paid | M4: Balance Due | N4: Due Date | O4: Status
B5: ETS-2026-119 | C5: 2026-09-01 | D5: ABC Contracting LLC | E5: MEP Installation – Phase 1 | F5: Standard | G5: 1 | H5: 25000 | I5: 25000 | J5: 0 | K5: 0 | L5: 25000 | M5: =I5-L5 -> 0 | N5: 2026-09-30 | O5: PAID
B6: ETS-2026-120 | C6: 2026-09-05 | D6: Dubai Properties Group | E6: HVAC Maintenance Contract | F6: Down Payment | G6: 0.3 | H6: 80000 | I6: 24000 | J6: 24000 | K6: 0 | L6: 0 | M6: =I6-L6 -> 24000 | N6: 2026-10-05 | O6: UNPAID
B7: ETS-2026-121 | C7: 2026-09-10 | D7: Gulf Star Engineering | E7: Electrical Fit-out – Block C | F7: IPC | G7: 0.4 | H7: 120000 | I7: 48000 | J7: 0 | K7: 48000 | L7: 20000 | M7: =I7-L7 -> 28000 | N7: 2026-10-10 | O7: PENDING
B8: MONTHLY TOTALS | H8: =SUM(H5:H7) -> 225000 | I8: =SUM(I5:I7) -> 97000 | J8: =SUM(J5:J7) -> 24000 | K8: =SUM(K5:K7) -> 48000 | L8: =SUM(L5:L7) -> 45000 | M8: =SUM(M5:M7) -> 52000
B9: =COUNTIF(O5:O7,"PAID")&" PAID | "&COUNTIF(O5:O7,"UNPAID")&" UNPAID | "&COUNTIF(O5:O7,"PENDING")&" PENDING" -> 1 PAID | 1 UNPAID | 1 PENDING
B11: LEGEND: Standard Invoice = full amount | Down Payment = % of contract upfront | IPC = Interim Payment Certificate (milestone-based %) | Balance Due = Invoice Amount − Amount Paid

Sheet Jun-2026
B2: ESHCOL TECHNICAL SERVICES — INVOICE LEDGER | JUN 2026
B3: TRN: 105437736900003 | info@eshcol.ae | www.eshcoltechnical.com | +971 52 661 9941
B4: Invoice # | C4: Date | D4: Client Name | E4: Description | F4: Invoice Type | G4: % of Contract | H4: Contract Value | I4: Invoice Amount | J4: Down Pymt Recd | K4: IPC Amount | L4: Amount Paid | M4: Balance Due | N4: Due Date | O4: Status
B5: ETS-2026-119 | C5: 2026-09-01 | D5: ABC Contracting LLC | E5: MEP Installation – Phase 1 | F5: Standard | G5: 1 | H5: 25000 | I5: 25000 | J5: 0 | K5: 0 | L5: 25000 | M5: =I5-L5 -> 0 | N5: 2026-09-30 | O5: PAID
B6: ETS-2026-120 | C6: 2026-09-05 | D6: Dubai Properties Group | E6: HVAC Maintenance Contract | F6: Down Payment | G6: 0.3 | H6: 80000 | I6: 24000 | J6: 24000 | K6: 0 | L6: 0 | M6: =I6-L6 -> 24000 | N6: 2026-10-05 | O6: UNPAID
B7: ETS-2026-121 | C7: 2026-09-10 | D7: Gulf Star Engineering | E7: Electrical Fit-out – Block C | F7: IPC | G7: 0.4 | H7: 120000 | I7: 48000 | J7: 0 | K7: 48000 | L7: 20000 | M7: =I7-L7 -> 28000 | N7: 2026-10-10 | O7: PENDING
B8: MONTHLY TOTALS | H8: =SUM(H5:H7) -> 225000 | I8: =SUM(I5:I7) -> 97000 | J8: =SUM(J5:J7) -> 24000 | K8: =SUM(K5:K7) -> 48000 | L8: =SUM(L5:L7) -> 45000 | M8: =SUM(M5:M7) -> 52000
B9: =COUNTIF(O5:O7,"PAID")&" PAID | "&COUNTIF(O5:O7,"UNPAID")&" UNPAID | "&COUNTIF(O5:O7,"PENDING")&" PENDING" -> 1 PAID | 1 UNPAID | 1 PENDING
B11: LEGEND: Standard Invoice = full amount | Down Payment = % of contract upfront | IPC = Interim Payment Certificate (milestone-based %) | Balance Due = Invoice Amount − Amount Paid

Sheet Jul-2026
B2: ESHCOL TECHNICAL SERVICES — INVOICE LEDGER | JUL 2026
B3: TRN: 105437736900003 | info@eshcol.ae | www.eshcoltechnical.com | +971 52 661 9941
B4: Invoice # | C4: Date | D4: Client Name | E4: Description | F4: Invoice Type | G4: % of Contract | H4: Contract Value | I4: Invoice Amount | J4: Down Pymt Recd | K4: IPC Amount | L4: Amount Paid | M4: Balance Due | N4: Due Date | O4: Status
B5: ETS-2026-119 | C5: 2026-09-01 | D5: ABC Contracting LLC | E5: MEP Installation – Phase 1 | F5: Standard | G5: 1 | H5: 25000 | I5: 25000 | J5: 0 | K5: 0 | L5: 25000 | M5: =I5-L5 -> 0 | N5: 2026-09-30 | O5: PAID
B6: ETS-2026-120 | C6: 2026-09-05 | D6: Dubai Properties Group | E6: HVAC Maintenance Contract | F6: Down Payment | G6: 0.3 | H6: 80000 | I6: 24000 | J6: 24000 | K6: 0 | L6: 0 | M6: =I6-L6 -> 24000 | N6: 2026-10-05 | O6: UNPAID
B7: ETS-2026-121 | C7: 2026-09-10 | D7: Gulf Star Engineering | E7: Electrical Fit-out – Block C | F7: IPC | G7: 0.4 | H7: 120000 | I7: 48000 | J7: 0 | K7: 48000 | L7: 20000 | M7: =I7-L7 -> 28000 | N7: 2026-10-10 | O7: PENDING
B8: MONTHLY TOTALS | H8: =SUM(H5:H7) -> 225000 | I8: =SUM(I5:I7) -> 97000 | J8: =SUM(J5:J7) -> 24000 | K8: =SUM(K5:K7) -> 48000 | L8: =SUM(L5:L7) -> 45000 | M8: =SUM(M5:M7) -> 52000
B9: =COUNTIF(O5:O7,"PAID")&" PAID | "&COUNTIF(O5:O7,"UNPAID")&" UNPAID | "&COUNTIF(O5:O7,"PENDING")&" PENDING" -> 1 PAID | 1 UNPAID | 1 PENDING
B11: LEGEND: Standard Invoice = full amount | Down Payment = % of contract upfront | IPC = Interim Payment Certificate (milestone-based %) | Balance Due = Invoice Amount − Amount Paid

Sheet Aug-2026
B2: ESHCOL TECHNICAL SERVICES — INVOICE LEDGER | AUG 2026
B3: TRN: 105437736900003 | info@eshcol.ae | www.eshcoltechnical.com | +971 52 661 9941
B4: Invoice # | C4: Date | D4: Client Name | E4: Description | F4: Invoice Type | G4: % of Contract | H4: Contract Value | I4: Invoice Amount | J4: Down Pymt Recd | K4: IPC Amount | L4: Amount Paid | M4: Balance Due | N4: Due Date | O4: Status
B5: ETS-2026-119 | C5: 2026-09-01 | D5: ABC Contracting LLC | E5: MEP Installation – Phase 1 | F5: Standard | G5: 1 | H5: 25000 | I5: 25000 | J5: 0 | K5: 0 | L5: 25000 | M5: =I5-L5 -> 0 | N5: 2026-09-30 | O5: PAID
B6: ETS-2026-120 | C6: 2026-09-05 | D6: Dubai Properties Group | E6: HVAC Maintenance Contract | F6: Down Payment | G6: 0.3 | H6: 80000 | I6: 24000 | J6: 24000 | K6: 0 | L6: 0 | M6: =I6-L6 -> 24000 | N6: 2026-10-05 | O6: UNPAID
B7: ETS-2026-121 | C7: 2026-09-10 | D7: Gulf Star Engineering | E7: Electrical Fit-out – Block C | F7: IPC | G7: 0.4 | H7: 120000 | I7: 48000 | J7: 0 | K7: 48000 | L7: 20000 | M7: =I7-L7 -> 28000 | N7: 2026-10-10 | O7: PENDING
B8: MONTHLY TOTALS | H8: =SUM(H5:H7) -> 225000 | I8: =SUM(I5:I7) -> 97000 | J8: =SUM(J5:J7) -> 24000 | K8: =SUM(K5:K7) -> 48000 | L8: =SUM(L5:L7) -> 45000 | M8: =SUM(M5:M7) -> 52000
B9: =COUNTIF(O5:O7,"PAID")&" PAID | "&COUNTIF(O5:O7,"UNPAID")&" UNPAID | "&COUNTIF(O5:O7,"PENDING")&" PENDING" -> 1 PAID | 1 UNPAID | 1 PENDING
B11: LEGEND: Standard Invoice = full amount | Down Payment = % of contract upfront | IPC = Interim Payment Certificate (milestone-based %) | Balance Due = Invoice Amount − Amount Paid

Sheet Sep-2026
B2: ESHCOL TECHNICAL SERVICES — INVOICE LEDGER | SEP 2026
B3: TRN: 105437736900003 | info@eshcol.ae | www.eshcoltechnical.com | +971 52 661 9941
B4: Invoice # | C4: Date | D4: Client Name | E4: Description | F4: Invoice Type | G4: % of Contract | H4: Contract Value | I4: Invoice Amount | J4: Down Pymt Recd | K4: IPC Amount | L4: Amount Paid | M4: Balance Due | N4: Due Date | O4: Status
B5: ETS-2026-119 | C5: 2026-09-01 | D5: ABC Contracting LLC | E5: MEP Installation – Phase 1 | F5: Standard | G5: 1 | H5: 25000 | I5: 25000 | J5: 0 | K5: 0 | L5: 25000 | M5: =I5-L5 -> 0 | N5: 2026-09-30 | O5: PAID
B6: ETS-2026-120 | C6: 2026-09-05 | D6: Dubai Properties Group | E6: HVAC Maintenance Contract | F6: Down Payment | G6: 0.3 | H6: 80000 | I6: 24000 | J6: 24000 | K6: 0 | L6: 0 | M6: =I6-L6 -> 24000 | N6: 2026-10-05 | O6: UNPAID
B7: ETS-2026-121 | C7: 2026-09-10 | D7: Gulf Star Engineering | E7: Electrical Fit-out – Block C | F7: IPC | G7: 0.4 | H7: 120000 | I7: 48000 | J7: 0 | K7: 48000 | L7: 20000 | M7: =I7-L7 -> 28000 | N7: 2026-10-10 | O7: PENDING
B8: MONTHLY TOTALS | H8: =SUM(H5:H7) -> 225000 | I8: =SUM(I5:I7) -> 97000 | J8: =SUM(J5:J7) -> 24000 | K8: =SUM(K5:K7) -> 48000 | L8: =SUM(L5:L7) -> 45000 | M8: =SUM(M5:M7) -> 52000
B9: =COUNTIF(O5:O7,"PAID")&" PAID | "&COUNTIF(O5:O7,"UNPAID")&" UNPAID | "&COUNTIF(O5:O7,"PENDING")&" PENDING" -> 1 PAID | 1 UNPAID | 1 PENDING
B11: LEGEND: Standard Invoice = full amount | Down Payment = % of contract upfront | IPC = Interim Payment Certificate (milestone-based %) | Balance Due = Invoice Amount − Amount Paid

Sheet Oct-2026
B2: ESHCOL TECHNICAL SERVICES — INVOICE LEDGER | OCT 2026
B3: TRN: 105437736900003 | info@eshcol.ae | www.eshcoltechnical.com | +971 52 661 9941
B4: Invoice # | C4: Date | D4: Client Name | E4: Description | F4: Invoice Type | G4: % of Contract | H4: Contract Value | I4: Invoice Amount | J4: Down Pymt Recd | K4: IPC Amount | L4: Amount Paid | M4: Balance Due | N4: Due Date | O4: Status
B5: ETS-2026-119 | C5: 2026-09-01 | D5: ABC Contracting LLC | E5: MEP Installation – Phase 1 | F5: Standard | G5: 1 | H5: 25000 | I5: 25000 | J5: 0 | K5: 0 | L5: 25000 | M5: =I5-L5 -> 0 | N5: 2026-09-30 | O5: PAID
B6: ETS-2026-120 | C6: 2026-09-05 | D6: Dubai Properties Group | E6: HVAC Maintenance Contract | F6: Down Payment | G6: 0.3 | H6: 80000 | I6: 24000 | J6: 24000 | K6: 0 | L6: 0 | M6: =I6-L6 -> 24000 | N6: 2026-10-05 | O6: UNPAID
B7: ETS-2026-121 | C7: 2026-09-10 | D7: Gulf Star Engineering | E7: Electrical Fit-out – Block C | F7: IPC | G7: 0.4 | H7: 120000 | I7: 48000 | J7: 0 | K7: 48000 | L7: 20000 | M7: =I7-L7 -> 28000 | N7: 2026-10-10 | O7: PENDING
B8: MONTHLY TOTALS | H8: =SUM(H5:H7) -> 225000 | I8: =SUM(I5:I7) -> 97000 | J8: =SUM(J5:J7) -> 24000 | K8: =SUM(K5:K7) -> 48000 | L8: =SUM(L5:L7) -> 45000 | M8: =SUM(M5:M7) -> 52000
B9: =COUNTIF(O5:O7,"PAID")&" PAID | "&COUNTIF(O5:O7,"UNPAID")&" UNPAID | "&COUNTIF(O5:O7,"PENDING")&" PENDING" -> 1 PAID | 1 UNPAID | 1 PENDING
B11: LEGEND: Standard Invoice = full amount | Down Payment = % of contract upfront | IPC = Interim Payment Certificate (milestone-based %) | Balance Due = Invoice Amount − Amount Paid

Sheet Nov-2026
B2: ESHCOL TECHNICAL SERVICES — INVOICE LEDGER | NOV 2026
B3: TRN: 105437736900003 | info@eshcol.ae | www.eshcoltechnical.com | +971 52 661 9941
B4: Invoice # | C4: Date | D4: Client Name | E4: Description | F4: Invoice Type | G4: % of Contract | H4: Contract Value | I4: Invoice Amount | J4: Down Pymt Recd | K4: IPC Amount | L4: Amount Paid | M4: Balance Due | N4: Due Date | O4: Status
B5: ETS-2026-119 | C5: 2026-09-01 | D5: ABC Contracting LLC | E5: MEP Installation – Phase 1 | F5: Standard | G5: 1 | H5: 25000 | I5: 25000 | J5: 0 | K5: 0 | L5: 25000 | M5: =I5-L5 -> 0 | N5: 2026-09-30 | O5: PAID
B6: ETS-2026-120 | C6: 2026-09-05 | D6: Dubai Properties Group | E6: HVAC Maintenance Contract | F6: Down Payment | G6: 0.3 | H6: 80000 | I6: 24000 | J6: 24000 | K6: 0 | L6: 0 | M6: =I6-L6 -> 24000 | N6: 2026-10-05 | O6: UNPAID
B7: ETS-2026-121 | C7: 2026-09-10 | D7: Gulf Star Engineering | E7: Electrical Fit-out – Block C | F7: IPC | G7: 0.4 | H7: 120000 | I7: 48000 | J7: 0 | K7: 48000 | L7: 20000 | M7: =I7-L7 -> 28000 | N7: 2026-10-10 | O7: PENDING
B8: MONTHLY TOTALS | H8: =SUM(H5:H7) -> 225000 | I8: =SUM(I5:I7) -> 97000 | J8: =SUM(J5:J7) -> 24000 | K8: =SUM(K5:K7) -> 48000 | L8: =SUM(L5:L7) -> 45000 | M8: =SUM(M5:M7) -> 52000
B9: =COUNTIF(O5:O7,"PAID")&" PAID | "&COUNTIF(O5:O7,"UNPAID")&" UNPAID | "&COUNTIF(O5:O7,"PENDING")&" PENDING" -> 1 PAID | 1 UNPAID | 1 PENDING
B11: LEGEND: Standard Invoice = full amount | Down Payment = % of contract upfront | IPC = Interim Payment Certificate (milestone-based %) | Balance Due = Invoice Amount − Amount Paid

Sheet Dec-2026
B2: ESHCOL TECHNICAL SERVICES — INVOICE LEDGER | DEC 2026
B3: TRN: 105437736900003 | info@eshcol.ae | www.eshcoltechnical.com | +971 52 661 9941
B4: Invoice # | C4: Date | D4: Client Name | E4: Description | F4: Invoice Type | G4: % of Contract | H4: Contract Value | I4: Invoice Amount | J4: Down Pymt Recd | K4: IPC Amount | L4: Amount Paid | M4: Balance Due | N4: Due Date | O4: Status
B5: ETS-2026-119 | C5: 2026-09-01 | D5: ABC Contracting LLC | E5: MEP Installation – Phase 1 | F5: Standard | G5: 1 | H5: 25000 | I5: 25000 | J5: 0 | K5: 0 | L5: 25000 | M5: =I5-L5 -> 0 | N5: 2026-09-30 | O5: PAID
B6: ETS-2026-120 | C6: 2026-09-05 | D6: Dubai Properties Group | E6: HVAC Maintenance Contract | F6: Down Payment | G6: 0.3 | H6: 80000 | I6: 24000 | J6: 24000 | K6: 0 | L6: 0 | M6: =I6-L6 -> 24000 | N6: 2026-10-05 | O6: UNPAID
B7: ETS-2026-121 | C7: 2026-09-10 | D7: Gulf Star Engineering | E7: Electrical Fit-out – Block C | F7: IPC | G7: 0.4 | H7: 120000 | I7: 48000 | J7: 0 | K7: 48000 | L7: 20000 | M7: =I7-L7 -> 28000 | N7: 2026-10-10 | O7: PENDING
B8: MONTHLY TOTALS | H8: =SUM(H5:H7) -> 225000 | I8: =SUM(I5:I7) -> 97000 | J8: =SUM(J5:J7) -> 24000 | K8: =SUM(K5:K7) -> 48000 | L8: =SUM(L5:L7) -> 45000 | M8: =SUM(M5:M7) -> 52000
B9: =COUNTIF(O5:O7,"PAID")&" PAID | "&COUNTIF(O5:O7,"UNPAID")&" UNPAID | "&COUNTIF(O5:O7,"PENDING")&" PENDING" -> 1 PAID | 1 UNPAID | 1 PENDING
B11: LEGEND: Standard Invoice = full amount | Down Payment = % of contract upfront | IPC = Interim Payment Certificate (milestone-based %) | Balance Due = Invoice Amount − Amount Paid
